[
    {
        "name": "[Sorry No Name, (forgot to add it)]12",
        "original_item": "Handgun Ammo",
        "region": "Dining Area",
        "condition": {},
        "item_object": "InteractDetailSearch",
        "parent_object": "wp1011_HandgunBullet_Get",
        "folder_path": "Chapter/Chapter3/c03_MainHouse/c03_MainHouse1F/c03_MainHouse1FLiving/c03_MainHouse1FLiving_sm"
    },
    {
        "name": "[Sorry No Name, (forgot to add it)]13",
        "original_item": "Hatch Key",
        "region": "Dining Area",
        "condition": {},
        "item_object": "InteractDetailSearch",
        "parent_object": "sm2287_UndeFloorDoorKey01A_DetailSearchItem",
        "folder_path": "Chapter/Chapter3/ItemSet_c03/MainHouse_West/Common/KeyItem"
    },
    {
        "name": "[Sorry No Name, (forgot to add it)]14",
        "original_item": "Antique Coin",
        "region": "Dining Area",
        "condition": {
            "items": ["Hatch Key"]
        },
        "item_object": "sm2164_Coin01A_InteractDetailSearch",
        "parent_object": "sm2164_Coin01A_DetailSearchItem",
        "folder_path": "Chapter/Chapter3/ItemSet_c03/MainHouse_West/Normal/Coins"
    },
    {
        "name": "[Sorry No Name, (forgot to add it)]15",
        "original_item": "Chem Fluid",
        "region": "Laundry Room",
        "condition": {},
        "item_object": "InteractDetailSearch",
        "parent_object": "sm2036_ChemicalS01A_Get",
        "folder_path": "Chapter/Chapter3/c03_MainHouse/c03_MainHouse1F/c03_MainHouse1FWash/c03_MainHouse1FWash_sm"
    },
    {
        "name": "[Sorry No Name, (forgot to add it)]16",
        "original_item": "Herb",
        "region": "Laundry Room",
        "condition": {},
        "item_object": "InteractDetailSearch",
        "parent_object": "sm1800_Herb00A_Get",
        "folder_path": "Chapter/Chapter3/c03_MainHouse/c03_MainHouse1F/c03_MainHouse1FWash/c03_MainHouse1FWash_sm"
    },
    {
        "name": "[Sorry No Name, (forgot to add it)]17",
        "original_item": "Lockpick",
        "region": "Laundry Room",
        "condition": {},
        "item_object": "InteractDetailSearch",
        "parent_object": "sm1796_KeyPick01A_DetailSearchItem",
        "folder_path": "Chapter/Chapter3/ItemSet_c03/MainHouse_West/Normal/KeyPick"
    },
    {
        "name": "[Sorry No Name, (forgot to add it)]18",
        "original_item": "Knife",
        "region": "Laundry Room",
        "condition": {},
        "item_object": "InteractWeapon",
        "parent_object": "wp1190_Knife_Get",
        "folder_path": "Chapter/Chapter3/ItemSet_c03/MainHouse_West/Common/KeyItem"
    },
    {
        "name": "[Sorry No Name, (forgot to add it)]19",
        "original_item": "Handgun Ammo",
        "region": "Garage",
        "condition": {},
        "item_object": "InteractDetailSearch",
        "parent_object": "wp1011_HandgunBullet_Get",
        "folder_path": "Chapter/Chapter3/c03_MainHouse/c03_MainHouse1F/c03_MainHouse1FGarageHallway/c03_MainHouse1FGarageHallway_sm"
    },
    {
        "name": "[Sorry No Name, (forgot to add it)]20",
        "original_item": "G17 Handgun",
        "region": "Garage",
        "condition": {},
        "item_object": "InteractWeapon",
        "parent_object": "wp1210_Handgun_Get",
        "folder_path": "Chapter/Chapter3/Event_c03/Event_c03_1/evProps"
    },
    {
        "name": "[Sorry No Name, (forgot to add it)]21",
        "original_item": "Car Key",
        "region": "Garage",
        "condition": {},
        "item_object": "InteractDetailSearch",
        "parent_object": "sm2242_EthanCarKey_DetailSearchItem",
        "folder_path": "Chapter/Chapter3/ItemSet_c03/MainHouse_West/Normal/KeyItem"
    },
    {
        "name": "[Sorry No Name, Second Chapter (forgot to add it)]22",
        "original_item": "Shotgun Ammo",
        "region": "Garage",
        "condition": {},
        "item_object": "InteractDetailSearch",
        "parent_object": "_wp1031_ShotgunBullet_Get",
        "folder_path": "Chapter/Chapter3/ItemSet_c03/MainHouse_West/Normal/Item/West_1F"
    },
    {
        "name": "Inside the Ox Display",
        "original_item": "Ox Statuette",
        "region": "Garage",
        "condition": {},
        "item_object": "InteractDetailSearch",
        "parent_object": "sm1640_EntranceKey01B_DetailSearchItem",
        "folder_path": "Chapter/Chapter3/c03_MainHouse/c03_MainHouse1F/c03_MainHouse1FGarage/c03_MainHouse1FGarage_sm"
    },
    {
        "name": "Right Locker",
        "original_item": "Chem Fluid",
        "region": "Garage",
        "condition": {},
        "item_object": "InteractDetailSearch",
        "parent_object": "sm2036_ChemicalS01A_Get",
        "folder_path": "Chapter/Chapter3/c03_MainHouse/c03_MainHouse1F/c03_MainHouse1FGarage/c03_MainHouse1FGarage_sm"
    },
    {
        "name": "Left Locker",
        "original_item": "First Aid Med",
        "region": "Garage",
        "condition": {},
        "item_object": "InteractDetailSearch",
        "parent_object": "sm1852_AntisepticSolutionMedium_Get",
        "folder_path": "Chapter/Chapter3/c03_MainHouse/c03_MainHouse1F/c03_MainHouse1FGarage/c03_MainHouse1FGarage_sm"
    },
    {
        "name": "Left Box",
        "original_item": "Handgun Ammo",
        "region": "Garage",
        "condition": {},
        "item_object": "InteractDetailSearch",
        "parent_object": "wp1011_HandgunBullet_Get",
        "folder_path": "Chapter/Chapter3/ItemSet_c03/MainHouse_West/Normal/Item/West_1F/Boss/Box"
    },
    {
        "name":"Locked Locker",
        "original_item": "First Aid Med",
        "region": "Dining Area",
        "condition": {
            "items": ["Lockpick"]
        },
        "item_object": "InteractDetailSearch",
        "parent_object": "sm1852_AntisepticSolutionMedium_Get",
        "folder_path": "Chapter/Chapter3/c03_MainHouse/c03_MainHouse1F/c03_MainHouse1FHallway/c03_MainHouse1FHallway_sm"
    },
    {
        "name": "Under Stairs",
        "original_item": "Chem Fluid",
        "region": "Main Hall",
        "condition": {},
        "item_object": "InteractDetailSearch",
        "parent_object": "_sm2036_ChemicalS01A_Get",
        "folder_path": "Chapter/Chapter3/ItemSet_c03/MainHouse_Hall/Normal/Item"
    },
    {
        "name":"Left Big storage",
        "original_item": "Gun Powder",
        "region": "Main Hall",
        "condition": {},
        "item_object": "sm2183_Gunpowder01A_InteractDetailSearch",
        "parent_object": "sm2183_Gunpowder01A_Get",
        "folder_path": "Chapter/Chapter3/c03_MainHouse/c03_MainHouseHall/c03_MainHouseHall_sm"
    },
    {
        "name":"Right Storage",
        "original_item": "Antique Coin",
        "region": "Main Hall",
        "condition": {},
        "item_object": "sm2164_Coin01A_InteractDetailSearch",
        "parent_object": "sm2164_Coin01A_DetailSearchItem",
        "folder_path": "Chapter/Chapter3/c03_MainHouse/c03_MainHouseHall/c03_MainHouseHall_sm"
    },
    {
        "name":"Left Table",
        "original_item": "Herb",
        "region": "Main Hall",
        "condition": {},
        "item_object": "InteractDetailSearch",
        "parent_object": "sm1800_Herb00A_Get",
        "folder_path": "Chapter/Chapter3/ItemSet_c03/MainHouse_Hall/Normal/Item"
    },
    {
        "name":"In the Trash",
        "original_item": "Herb",
        "region": "Kitchen",
        "condition": {},
        "item_object": "InteractDetailSearch",
        "parent_object": "_sm1800_Herb00A_Get",
        "folder_path": "Chapter/Chapter3/ItemSet_c03/MainHouse_West/Normal/Item/West_1F"
    },
    {
        "name":"In the horloge",
        "original_item": "Clock Pendulum",
        "region": "Main Hall",
        "condition": {},
        "item_object": "InteractDetailSearch",
        "parent_object": "sm2245_Pendulum01A_DetailSearchItem",
        "folder_path": "Chapter/Chapter3/c03_MainHouse/c03_MainHouseHall/c03_MainHouseHall_sm"
    },
    {
        "name":"In the horloge (2)",
        "original_item": "White Dogs Head",
        "region": "Living Room",
        "condition": {
            "items": ["Clock Pendulum"]
        },
        "item_object": "sm2010_TripleCrest01B_InteractDetailSearch",
        "parent_object": "sm2010_TripleCrest01B_DetailSearchItem",
        "folder_path": "Chapter/Chapter3/c03_MainHouse/c03_MainHouse1F/c03_MainHouse1FLiving/c03_MainHouse1FLiving_sm"
    },
    {
        "name":"Next to the Statue",
        "original_item": "Antique Coin",
        "region": "Recreation Room",
        "condition": {},
        "item_object": "sm2164_Coin01A_InteractDetailSearch",
        "parent_object": "sm2164_Coin01A_DetailSearchItem",
        "folder_path": "Chapter/Chapter3/ItemSet_c03/MainHouse_West/Normal/Coins"
    },
    {
        "name":"On the Bar",
        "original_item": "Mia",
        "region": "Recreation Room",
        "condition": {},
        "item_object": "InteractDetailSearch",
        "parent_object": "sm1714_Videotape01E_DetailSearchItem",
        "folder_path": "Chapter/Chapter3/ItemSet_c03/MainHouse_West/Common/KeyItem"
    },
    {
        "name":"In the Trash (2)",
        "original_item": "Gun Powder",
        "region": "Recreation Room",
        "condition": {},
        "item_object": "sm2183_Gunpowder01A_InteractDetailSearch",
        "parent_object": "sm2183_Gunpowder01A_Get",
        "folder_path": "Chapter/Chapter3/c03_MainHouse/c03_MainHouse2F/c03_MainHouse2FPlay/c03_MainHouse2FPlay_sm"
    },
    {
        "name":"Inside the Big Book",
        "original_item": "Blue Dogs Head",
        "region": "Recreation Room",
        "condition": {},
        "item_object": "sm2009_TripleCrest01A_InteractDetailSearch",
        "parent_object": "sm2009_TripleCrest01A_DetailSearchItem",
        "folder_path": "Chapter/Chapter3/ItemSet_c03/MainHouse_West/Common/KeyItem"
    },
    {
        "name":"In the corridor, in the shelve",
        "original_item": "Herb",
        "region": "Recreation Room",
        "condition": {},
        "item_object": "InteractDetailSearch",
        "parent_object": "sm1800_Herb00A_Get",
        "folder_path": "Chapter/Chapter3/c03_MainHouse/c03_MainHouse2F/c03_MainHouse2FHallway/c03_MainHouse2FHallway_sm"
    },
    {
        "name":"In the corridor, next to the broken stairs",
        "original_item": "Chem Fluid",
        "region": "Bathroom",
        "condition": {},
        "item_object": "InteractDetailSearch",
        "parent_object": "sm2036_ChemicalS01A_Get",
        "folder_path": "Chapter/Chapter3/c03_MainHouse/c03_MainHouse2F/c03_MainHouse2FHallway2/c03_MainHouse2FHallway2_sm"
    },
    {
        "name":"Outside, in the box",
        "original_item": "Handgun Ammo",
        "region": "Bathroom",
        "condition": {},
        "item_object": "InteractDetailSearch",
        "parent_object": "wp1011_HandgunBullet_Get",
        "folder_path": "Chapter/Chapter3/ItemSet_c03/MainHouse_West/Normal/Item/Box"
    },
    {
        "name":"Outside (2F), behind the mess",
        "original_item": "Herb",
        "region": "Main Hall",
        "condition": {},
        "item_object": "InteractDetailSearch",
        "parent_object": "sm1800_Herb00A_Get",
        "folder_path": "Chapter/Chapter3/ItemSet_c03/MainHouse_West/Normal/Item/WEST_2F"
    },
    {
        "name":"In the front shelf",
        "original_item": "Handgun Ammo",
        "region": "Bathroom",
        "condition": {},
        "item_object": "InteractDetailSearch",
        "parent_object": "wp1011_HandgunBullet_Get",
        "folder_path": "Chapter/Chapter3/c03_MainHouse/c03_MainHouse2F/c03_MainHouse2FBath/c03_MainHouse2FBath_sm"
    },
    {
        "name":"In the Toilet",
        "original_item": "Antique Coin",
        "region": "Bathroom",
        "condition": {},
        "item_object": "sm2164_Coin01A_InteractDetailSearch",
        "parent_object": "sm2164_Coin01A_DetailSearchItem",
        "folder_path": "Chapter/Chapter3/ItemSet_c03/MainHouse_West/Normal/Coins"
    },
    {
        "name":"In the Bath",
        "original_item": "Wooden Statuette",
        "region": "Bathroom",
        "condition": {},
        "item_object": "InteractDetailSearch",
        "parent_object": "sm9092_ShadowPiece02_DetailSearchItem",
        "folder_path": "Chapter/Chapter3/c03_MainHouse/c03_MainHouse2F/c03_MainHouse2FBath/c03_MainHouse2FBath_sm"
    },
    {
        "name":"At the feet of the Deer",
        "original_item": "Handgun Ammo",
        "region": "Drawing Room",
        "condition": {},
        "item_object": "InteractDetailSearch",
        "parent_object": "wp1011_HandgunBullet_Get",
        "folder_path": "Chapter/Chapter3/ItemSet_c03/MainHouse_East/Normal/Item/EAST_1F"
    },
    {
        "name":"In the White Shelve",
        "original_item": "Chem Fluid",
        "region": "Drawing Room",
        "condition": {},
        "item_object": "InteractDetailSearch",
        "parent_object": "sm2036_ChemicalS01A_Get",
        "folder_path": "Chapter/Chapter3/c03_TaxidermyRoom/c03_TaxidermyRoom1F/c03_RightArea1FParlor/c03_RightArea1FParlor_sm"
    },
    {
        "name":"On the Table",
        "original_item": "Psychostimulants",
        "region": "Drawing Room",
        "condition": {},
        "item_object": "sm2179_Psychostimulant01A_InteractDetailSearch",
        "parent_object": "sm2179_Psychostimulant01A_Get",
        "folder_path": "Chapter/Chapter3/ItemSet_c03/MainHouse_East/Normal/Item/EAST_1F"
    },
    {
        "name":"In the Box",
        "original_item": "Handgun Ammo",
        "region": "Drawing Room",
        "condition": {},
        "item_object": "InteractDetailSearch",
        "parent_object": "wp1011_HandgunBullet_Get",
        "folder_path": "Chapter/Chapter3/ItemSet_c03/MainHouse_East/Normal/Item/EAST_1F/Box"
    },
    {
        "name":"In the Fridge",
        "original_item": "Chem Fluid",
        "region": "Drawing Room",
        "condition": {},
        "item_object": "InteractDetailSearch",
        "parent_object": "sm2036_ChemicalS01A_Get",
        "folder_path": "Chapter/Chapter3/c03_TaxidermyRoom/c03_TaxidermyRoom1F/c03_RightArea1FParlor/c03_RightArea1FParlor_sm"
    },
    {
        "name":"In the Plant",
        "original_item": "Herb",
        "region": "Drawing Room",
        "condition": {},
        "item_object": "InteractDetailSearch",
        "parent_object": "_sm1800_Herb00A_Get",
        "folder_path": "Chapter/Chapter3/ItemSet_c03/MainHouse_East/Normal/Item/EAST_1F"
    },
    {
        "name":"In the Ashtray",
        "original_item": "Antique Coin",
        "region": "Drawing Room",
        "condition": {},
        "item_object": "sm2164_Coin01A_InteractDetailSearch",
        "parent_object": "sm2164_Coin01A_DetailSearchItem",
        "folder_path": "Chapter/Chapter3/ItemSet_c03/MainHouse_East/Normal/Coins"
    },
    {
        "name":"In the bottom Rack",
        "original_item": "Gun Powder",
        "region": "Drawing Room",
        "condition": {},
        "item_object": "GameObject",
        "parent_object": "Gunpowder",
        "folder_path": "Chapter/Chapter3/ItemSet_c03/MainHouse_East/Normal/Item/EAST_1F"
    },
    {
        "name":"In the Shelve",
        "original_item": "First Aid Med",
        "region": "Monitoring Room",
        "condition": {},
        "item_object": "InteractDetailSearch",
        "parent_object": "sm1852_AntisepticSolutionMedium_Get",
        "folder_path": "Chapter/Chapter3/c03_TaxidermyRoom/c03_TaxidermyRoom1F/c03_RightArea1FStudy/c03_RightArea1FStudy_sm"
    },
    {
        "name":"Under the Table",
        "original_item": "Strong Chem Fluid",
        "region": "Incinerator Room",
        "condition": {},
        "item_object": "InteractDetailSearch",
        "parent_object": "sm2037_ChemicalM01A_Get",
        "folder_path": "Chapter/Chapter3/ItemSet_c03/MainHouse_East/Normal/Item/EAST_B1F"
    },
    {
        "name":"Under the Corpse Table",
        "original_item": "Gun Powder",
        "region": "Incinerator Room",
        "condition": {},
        "item_object": "GameObject",
        "parent_object": "Gunpowder",
        "folder_path": "Chapter/Chapter3/ItemSet_c03/MainHouse_East/Normal/Item/EAST_B1F"
    },
    {
        "name":"Inside the Incenerating zone",
        "original_item": "Dissection Room Key",
        "region": "Incinerator Room",
        "condition": {},
        "item_object": "InteractDetailSearch",
        "parent_object": "sm2050_workroomkey01A_Get",
        "folder_path": "Chapter/Chapter3/c03_TaxidermyRoom/c03_TaxidermyRoomB1F/c03_RightAreaB1FMorgue/c03_RightAreaB1FMorgue_sm"
    },
    {
        "name":"In the shelf",
        "original_item": "First Aid Med",
        "region": "Main Room",
        "condition": {},
        "item_object": "InteractDetailSearch",
        "parent_object": "sm1852_AntisepticSolutionMedium_Get",
        "folder_path": "Chapter/Chapter3/ItemSet_c03/MainHouse_East/Normal/Item/EAST_B1F/Box"
    },
    {
        "name":"In the Box on the Ground",
        "original_item": "Handgun Ammo",
        "region": "Main Room",
        "condition": {},
        "item_object": "InteractDetailSearch",
        "parent_object": "wp1011_HandgunBullet_Get",
        "folder_path": "Chapter/Chapter3/ItemSet_c03/MainHouse_East/Normal/Item/EAST_B1F/Box"
    },
    {
        "name":"Stuck in the meat",
        "original_item": "Scorpion Key",
        "region": "Main Room",
        "condition": {},
        "item_object": "InteractDetailSearch",
        "parent_object": "sm1732_FatherKey01A_DetailSearchItem",
        "folder_path": "Chapter/Chapter3/ItemSet_c03/MainHouse_East/Normal/KeyItem"
    },
    {
        "name":"In the Fridge (2)",
        "original_item": "Lockpick",
        "region": "Main Room",
        "condition": {},
        "item_object": "InteractDetailSearch",
        "parent_object": "sm1796_KeyPick01A_DetailSearchItem",
        "folder_path": "Chapter/Chapter3/ItemSet_c03/MainHouse_East/Normal/KeyPick"
    },
    {
        "name":"On the Iron Shelve",
        "original_item": "Treasure Photo - Morgue",
        "region": "Main Room",
        "condition": {},
        "item_object": "InteractDetailSearch",
        "parent_object": "sm2153_TreasureMap01A_DetailSearchItem",
        "folder_path": "Chapter/Chapter3/ItemSet_c03/MainHouse_East/Common/KeyItem"
    },
    {
        "name":"In the secret stash (inside the chimney)",
        "original_item": "Steroids",
        "region": "Drawing Room",
        "condition": {
            "items": ["Treasure Photo - Morgue"]
        },
        "item_object": "InteractDetailSearch",
        "parent_object": "sm1927_Stimulant_Get",
        "folder_path": "Chapter/Chapter3/c03_TaxidermyRoom/c03_TaxidermyRoom1F/c03_RightArea1FParlor/c03_RightArea1FParlor_sm"
    },
    {
        "name":"Inside the cage",
        "original_item": "Herb",
        "region": "Main Room",
        "condition": {},
        "item_object": "InteractDetailSearch",
        "parent_object": "_sm1800_Herb00A_Get",
        "folder_path": "Chapter/Chapter3/ItemSet_c03/MainHouse_East/Normal/Item/EAST_B1F"
    },
    {
        "name":"In the Green Armor",
        "original_item": "Chem Fluid",
        "region": "Main Room",
        "condition": {},
        "item_object": "InteractDetailSearch",
        "parent_object": "sm2036_ChemicalS01A_Get",
        "folder_path": "Chapter/Chapter3/ItemSet_c03/MainHouse_East/Normal"
    },
    {
        "name":"In the stairs next to the Snake Door",
        "original_item": "Psychostimulants",
        "region": "Main Room",
        "condition": {},
        "item_object": "sm2179_Psychostimulant01A_InteractDetailSearch",
        "parent_object": "sm2179_Psychostimulant01A_Get",
        "folder_path": "Chapter/Chapter3/ItemSet_c03/MainHouse_East/Normal/Item/EAST_B1F"
    },
    {
        "name":"In the stairs, in front of the Snake door",
        "original_item": "Shotgun Ammo",
        "region": "Main Room",
        "condition": {},
        "item_object": "InteractDetailSearch",
        "parent_object": "wp1031_ShotgunBullet_Get",
        "folder_path": "Chapter/Chapter3/ItemSet_c03/MainHouse_East/Normal/Item/EAST_B1F"
    },
    {
        "name":"In the left bath next to the entrance",
        "original_item": "Handgun Ammo",
        "region": "Bathroom - Processing Area Room",
        "condition": {},
        "item_object": "InteractDetailSearch",
        "parent_object": "_wp1011_HandgunBullet_Get",
        "folder_path": "Chapter/Chapter3/ItemSet_c03/MainHouse_East/Normal/Item/EAST_B1F"
    },
    {
        "name":"In the front bath, next to the exit door",
        "original_item": "Chem Fluid",
        "region": "Bathroom - Processing Area Room",
        "condition": {},
        "item_object": "InteractDetailSearch",
        "parent_object": "ChemicalS",
        "folder_path": "Chapter/Chapter3/ItemSet_c03/MainHouse_East/Normal/Item/EAST_B1F"
    },
    {
        "name":"In the wall",
        "original_item": "Herb",
        "region": "Bathroom - Processing Area Room",
        "condition": {},
        "item_object": "InteractDetailSearch",
        "parent_object": "sm1800_Herb00A_Get",
        "folder_path": "Chapter/Chapter3/ItemSet_c03/MainHouse_East/Normal/Item/EAST_B1F"
    },
    {
        "name":"On the Left table",
        "original_item": "Shotgun Ammo",
        "region": "Boiler Room",
        "condition": {},
        "item_object": "InteractDetailSearch",
        "parent_object": "_wp1031_ShotgunBullet_Get",
        "folder_path": "Chapter/Chapter3/ItemSet_c03/MainHouse_East/Normal/Item/EAST_B1F"
    },
    {
        "name":"In the red Shelf",
        "original_item": "Strong Chem Fluid",
        "region": "Boiler Room",
        "condition": {},
        "item_object": "InteractDetailSearch",
        "parent_object": "sm2037_ChemicalM01A_Get",
        "folder_path": "Chapter/Chapter3/ItemSet_c03/MainHouse_East/Normal"
    },
    {
        "name":"In the right locker",
        "original_item": "Shotgun Ammo",
        "region": "Dissection Room",
        "condition": {},
        "item_object": "InteractDetailSearch",
        "parent_object": "wp1031_ShotgunBullet_Get",
        "folder_path": "Chapter/Chapter3/c03_TaxidermyRoom/c03_TaxidermyRoomB1F/c03_RightAreaB1FStoreroom/c03_RightAreaB1FStoreroom_sm"
    },
    {
        "name":"In the open Locker at the end of the hallway (on top)",
        "original_item": "Shotgun Ammo",
        "region": "Dissection Room",
        "condition": {},
        "item_object": "InteractDetailSearch",
        "parent_object": "wp1031_ShotgunBullet_Get",
        "folder_path": "Chapter/Chapter3/ItemSet_c03/MainHouse_East/Normal/Item/EAST_B1F/BOSSROOM"
    },
    {
        "name":"In the open Locker at the end of the hallway (on the bottom)",
        "original_item": "Herb",
        "region": "Dissection Room",
        "condition": {},
        "item_object": "InteractDetailSearch",
        "parent_object": "sm1800_Herb00A_Get",
        "folder_path": "Chapter/Chapter3/ItemSet_c03/MainHouse_East/Normal/Item/EAST_B1F/BOSSROOM"
    },
    {
        "name":"In the Lower tray",
        "original_item": "Chem Fluid",
        "region": "Morgue",
        "condition": {},
        "item_object": "InteractDetailSearch",
        "parent_object": "_sm2036_ChemicalS01A_Get",
        "folder_path": "Chapter/Chapter3/ItemSet_c03/MainHouse_East/Normal/Item/EAST_B1F/BOSSROOM"
    },
    {
        "name":"Under the Stairs (2)",
        "original_item": "Gun Powder",
        "region": "Morgue",
        "condition": {},
        "item_object": "GameObject",
        "parent_object": "Gunpowder",
        "folder_path": "Chapter/Chapter3/ItemSet_c03/MainHouse_East/Normal/Item/EAST_B1F"
    },
    {
        "name":"In the hole in the wall, next to the pallet",
        "original_item": "Antique Coin",
        "region": "Main Room",
        "condition": {},
        "item_object": "InteractDetailSearch",
        "parent_object": "sm2164_Coin01A_DetailSearchItem",
        "folder_path": "Chapter/Chapter3/ItemSet_c03/MainHouse_East/Normal/Coins"
    },
    {
        "name":"In the bottom shelve, behind the pallet",
        "original_item": "Herb",
        "region": "Main Room",
        "condition": {},
        "item_object": "InteractDetailSearch",
        "parent_object": "_sm1800_Herb00A_Get",
        "folder_path": "Chapter/Chapter3/ItemSet_c03/MainHouse_East/Normal/Item/EAST_B1F"
    },
    {
        "name":"On the hanging hook",
        "original_item": "Red Dogs Head",
        "region": "Morgue",
        "condition": {},
        "item_object": "sm2011_TripleCrest01C_InteractSendFsm",
        "parent_object": "sm2011_TripleCrest01C_DetailSearchItem",
        "folder_path": "Chapter/Chapter3/c03_TaxidermyRoom/c03_TaxidermyRoomB1F/c03_RightAreaB1FFreezer/c03_RightAreaB1FFreezer_sm"
    },
    {
        "name":"In the corpse",
        "original_item": "Chain Saw",
        "region": "Morgue",
        "condition": {},
        "item_object": "InteractDetailSearch",
        "parent_object": "wp0060_ChainSaw_Get",
        "folder_path": "Chapter/Chapter3/c03_TaxidermyRoom/c03_TaxidermyRoomB1F/c03_RightAreaB1FFreezer/c03_RightAreaB1FFreezer_sm"
    },
    {
        "name":"In the box, inside the arena",
        "original_item": "Handgun Ammo",
        "region": "Morgue",
        "condition": {},
        "item_object": "InteractDetailSearch",
        "parent_object": "wp1011_HandgunBullet_Get",
        "folder_path": "Chapter/Chapter3/ItemSet_c03/MainHouse_East/Normal/Item/EAST_B1F/BOSSROOM"
    },
    {
        "name":"In the corner, on top of a painting box",
        "original_item": "First Aid Med",
        "region": "Morgue",
        "condition": {},
        "item_object": "InteractDetailSearch",
        "parent_object": "sm1852_AntisepticSolutionMedium_Get",
        "folder_path": "Chapter/Chapter3/ItemSet_c03/MainHouse_East/Normal/Item/EAST_B1F/BOSSROOM"
    },
    {
        "name":"In the locked drawer, next to save spot",
        "original_item": "Handgun Ammo",
        "region": "Monitoring Room",
        "condition": {
            "items": ["Lockpick"]
        },
        "item_object": "InteractDetailSearch",
        "parent_object": "wp1011_HandgunBullet_Get",
        "folder_path": "Chapter/Chapter3/c03_TaxidermyRoom/c03_TaxidermyRoom1F/c03_RightArea1FStudy/c03_RightArea1FStudy_sm"
    },
    {
        "name":"Next to the door",
        "original_item": "Broken Shotgun",
        "region": "Grandma Room",
        "condition": {},
        "item_object": "InteractDetailSearch",
        "parent_object": "wp1039_BrokenShotgun_Get",
        "folder_path": "Chapter/Chapter3/ItemSet_c03/MainHouse_West/Common/KeyItem"
    },
    {
        "name":"In the Armoir",
        "original_item": "Handgun Ammo",
        "region": "Grandma Room",
        "condition": {},
        "item_object": "InteractDetailSearch",
        "parent_object": "wp1011_HandgunBullet_Get",
        "folder_path": "Chapter/Chapter3/c03_MainHouse/c03_MainHouse2F/c03_MainHouse2FGrandma/c03_MainHouse2FGrandma_sm"
    },
    {
        "name":"On top of the shelf, next to the windows",
        "original_item": "Chem Fluid",
        "region": "Grandma Room",
        "condition": {},
        "item_object": "InteractDetailSearch",
        "parent_object": "sm2036_ChemicalS01A_Get",
        "folder_path": "Chapter/Chapter3/ItemSet_c03/MainHouse_West/Normal/Item/WEST_2F/Sasori"
    },
    {
        "name":"On top of the bed",
        "original_item": "Shotgun Ammo",
        "region": "Grandma Room",
        "condition": {},
        "item_object": "InteractDetailSearch",
        "parent_object": "_wp1031_ShotgunBullet_Get",
        "folder_path": "Chapter/Chapter3/ItemSet_c03/MainHouse_West/Normal/Item/WEST_2F/Sasori"
    },
    {
        "name":"Under the terrasse, in the box",
        "original_item": "Repair Kit",
        "region": "Yard",
        "condition": {},
        "item_object": "InteractDetailSearch",
        "parent_object": "sm2290_RepairKit01A_DetailSearchItem",
        "folder_path": "Chapter/Chapter3/ItemSet_c03/GardenArea/Normal/Box"
    },
    {
        "name":"On the left of the TERASSE",
        "original_item": "Herb",
        "region": "Yard",
        "condition": {},
        "item_object": "InteractDetailSearch",
        "parent_object": "sm1800_Herb00A_Get",
        "folder_path": "Chapter/Chapter3/ItemSet_c03/GardenArea/Normal/Item"
    },
    {
        "name":"On the yellow Shelf",
        "original_item": "Gun Powder",
        "region": "Yard",
        "condition": {},
        "item_object": "GameObject",
        "parent_object": "Gunpowder",
        "folder_path": "Chapter/Chapter3/ItemSet_c03/GardenArea/Normal/Item"
    },
    {
        "name":"In the pot, on the right stairs",
        "original_item": "Lockpick",
        "region": "Yard",
        "condition": {},
        "item_object": "InteractDetailSearch",
        "parent_object": "sm1796_KeyPick01A_DetailSearchItem",
        "folder_path": "Chapter/Chapter3/ItemSet_c03/MainHouse_Hall/Normal/Item"
    },
    {
        "name":"On the hidden pot, on the right of the right stairs",
        "original_item": "Antique Coin",
        "region": "Yard",
        "condition": {},
        "item_object": "sm2164_Coin01A_InteractDetailSearch",
        "parent_object": "_sm2164_Coin01A_DetailSearchItem",
        "folder_path": "Chapter/Chapter3/ItemSet_c03/MainHouse_Hall/Normal/Item"
    },
    {
        "name":"in the pot on the left of the right stairs",
        "original_item": "Herb",
        "region": "Yard",
        "condition": {},
        "item_object": "InteractDetailSearch",
        "parent_object": "sm1800_Herb00A_Get",
        "folder_path": "Chapter/Chapter3/ItemSet_c03/GardenArea/Normal/Item"
    },
    {
        "name":"On the right of the Caravane Door",
        "original_item": "Chem Fluid",
        "region": "Yard",
        "condition": {},
        "item_object": "InteractDetailSearch",
        "parent_object": "sm2036_ChemicalS01A_Get",
        "folder_path": "Chapter/Chapter3/ItemSet_c03/GardenArea/Normal/Item"
    },
    {
        "name":"In the orange box",
        "original_item": "Shotgun Ammo",
        "region": "Bathroom",
        "condition": {
            "items":["Lockpick"]
        },
        "item_object": "InteractDetailSearch",
        "parent_object": "wp1031_ShotgunBullet_Get",
        "folder_path": "Chapter/Chapter3/ItemSet_c03/MainHouse_West/Normal/KeyPick"
    },
    {
        "name":"In the caravan, on the table",
        "original_item": "Antique Coin",
        "region": "Yard",
        "condition": {},
        "item_object": "sm2164_Coin01A_InteractDetailSearch",
        "parent_object": "_sm2164_Coin01A_DetailSearchItem",
        "folder_path": "Chapter/Chapter3/ItemSet_c03/GardenArea/Normal/Coins"
    },
    {
        "name":"In front of the Old House, in the box",
        "original_item": "Shotgun Ammo",
        "region": "Yard",
        "condition": {},
        "item_object": "InteractDetailSearch",
        "parent_object": "wp1031_ShotgunBullet_Get",
        "folder_path": "Chapter/Chapter3/ItemSet_c03/OldHouse/Normal/Box"
    },
    {
        "name":"In the drawer, at the left of the entrance",
        "original_item": "Solid Fuel",
        "region": "Living Room - Old House",
        "condition": {},
        "item_object": "InteractDetailSearch",
        "parent_object": "sm2026_Alcohol01A_Get",
        "folder_path": "Chapter/Chapter3/c03_OldHouse/c03_OldHouse1F/c03_OldHouse1FRoom01/c03_OldHouse1FRoom01_sm"
    },
    {
        "name":"Inside a furniture",
        "original_item": "Chem Fluid",
        "region": "Living Room - Old House",
        "condition": {},
        "item_object": "InteractDetailSearch",
        "parent_object": "_sm2036_ChemicalS01A_Get",
        "folder_path": "Chapter/Chapter3/ItemSet_c03/OldHouse/Normal/Item/Chemical"
    },
    {
        "name":"In the locked drawer, next to the sink",
        "original_item": "First Aid Med",
        "region": "Dining Room - Old House",
        "condition": {
            "items": ["Lockpick"]
        },
        "item_object": "InteractDetailSearch",
        "parent_object": "sm1852_AntisepticSolutionMedium_Get",
        "folder_path": "Chapter/Chapter3/c03_OldHouse/c03_OldHouse1F/c03_OldHouse1FKitchen01/c03_OldHouse1FKitchen01_sm"
    },
    {
        "name":"In the shelf (4)",
        "original_item": "Chem Fluid",
        "region": "Dining Room - Old House",
        "condition": {
            "items": ["Burner Nozzle","Burner Grip"]
        },
        "item_object": "InteractDetailSearch",
        "parent_object": "sm2036_ChemicalS01A_Get",
        "folder_path": "Chapter/Chapter3/c03_OldHouse/c03_OldHouse1F/c03_OldHouse1FKitchen01/c03_OldHouse1FKitchen01_sm"
    },
    {
        "name":"In the shelf (3)",
        "original_item": "Strong Chem Fluid",
        "region": "Dining Room - Old House",
        "condition": {
            "items": ["Burner Nozzle","Burner Grip"]
        },
        "item_object": "InteractDetailSearch",
        "parent_object": "sm2037_ChemicalM01A_Get",
        "folder_path": "Chapter/Chapter3/c03_OldHouse/c03_OldHouse1F/c03_OldHouse1FKitchen01/c03_OldHouse1FKitchen01_sm"
    },
    {
        "name":"In the Wooden Pallet",
        "original_item": "Shotgun Ammo",
        "region": "Dining Room - Old House",
        "condition": {},
        "item_object": "InteractDetailSearch",
        "parent_object": "_wp1031_ShotgunBullet_Get",
        "folder_path": "Chapter/Chapter3/ItemSet_c03/OldHouse/Normal/Item"
    },
    {
        "name":"In the wardrobe",
        "original_item": "Solid Fuel",
        "region": "Dining Room - Old House",
        "condition": {},
        "item_object": "InteractDetailSearch",
        "parent_object": "sm2026_Alcohol01A_Get",
        "folder_path": "Chapter/Chapter3/c03_OldHouse/c03_OldHouse1F/c03_OldHouse1FKitchen01/c03_OldHouse1FKitchen01_sm"
    },
    {
        "name":"Outside, on the right end",
        "original_item": "Psychostimulants",
        "region": "Dining Room - Old House",
        "condition": {},
        "item_object": "sm2179_Psychostimulant01A_InteractDetailSearch",
        "parent_object": "sm2179_Psychostimulant01A_Get",
        "folder_path": "Chapter/Chapter3/ItemSet_c03/OldHouse/Normal/Item"
    },
    {
        "name":"Outside, on the right end, In the box",
        "original_item": "Lockpick",
        "region": "Dining Room - Old House",
        "condition": {},
        "item_object": "InteractDetailSearch",
        "parent_object": "sm1796_KeyPick01A_DetailSearchItem",
        "folder_path": "Chapter/Chapter3/ItemSet_c03/OldHouse/Normal/KeyPick"
    },
    {
        "name":"Outside, on the left of the door",
        "original_item": "Gun Powder",
        "region": "Dining Room - Old House",
        "condition": {},
        "item_object": "sm2183_Gunpowder01A_InteractDetailSearch",
        "parent_object": "_sm2183_Gunpowder01A_Get",
        "folder_path": "Chapter/Chapter3/ItemSet_c03/OldHouse/Normal/Item"
    },
    {
        "name":"On the Table (3)",
        "original_item": "Burner Nozzle",
        "region": "Water Station",
        "condition": {},
        "item_object": "InteractDetailSearch",
        "parent_object": "sm1691_GasBurnerPartsB_Gimmick",
        "folder_path": "Chapter/Chapter3/ItemSet_c03/OldHouse/Common/KeyItem"
    },
    {
        "name":"on the left Shelf",
        "original_item": "Herb",
        "region": "Water Station",
        "condition": {},
        "item_object": "InteractDetailSearch",
        "parent_object": "sm1800_Herb00A_Get",
        "folder_path": "Chapter/Chapter3/ItemSet_c03/OldHouse/Normal/Item"
    },
    {
        "name":"In the Wooden Pallet (2)",
        "original_item": "Burner Fuel",
        "region": "Living Room - Old House",
        "condition": {},
        "item_object": "InteractDetailSearch",
        "parent_object": "_wp1001_GasCan_Get",
        "folder_path": "Chapter/Chapter3/ItemSet_c03/OldHouse/Normal/Item"
    },
    {
        "name":"On the far left, behind the door, next to the big hole",
        "original_item": "44 Mag Ammo",
        "region": "Entrance - Old House",
        "condition": {},
        "item_object": "InteractDetailSearch",
        "parent_object": "wp1141_MagnumBullet_Get",
        "folder_path": "Chapter/Chapter3/ItemSet_c03/OldHouse/Normal/Item"
    },
    {
        "name":"In the yellow box",
        "original_item": "Herb",
        "region": "Guest Room - Old House",
        "condition": {},
        "item_object": "InteractDetailSearch",
        "parent_object": "sm1800_Herb00A_Get",
        "folder_path": "Chapter/Chapter3/ItemSet_c03/OldHouse/Normal/Item"
    },
    {
        "name":"In the iron Shelf",
        "original_item": "Burner Fuel",
        "region": "Guest Room - Old House",
        "condition": {
            "items": ["Burner Nozzle","Burner Grip"]
        },
        "item_object": "InteractDetailSearch",
        "parent_object": "wp1001_GasCan_Get",
        "folder_path": "Chapter/Chapter3/c03_OldHouse/c03_OldHouse1F/c03_OldHouse1FRoom02/c03_OldHouse1FRoom02_sm"
    },
    {
        "name":"In the iron Shelf (2)",
        "original_item": "Burner Fuel",
        "region": "Guest Room - Old House",
        "condition": {
            "items": ["Burner Nozzle","Burner Grip"]
        },
        "item_object": "InteractDetailSearch",
        "parent_object": "wp1001_GasCan_Get",
        "folder_path": "Chapter/Chapter3/c03_OldHouse/c03_OldHouse1F/c03_OldHouse1FRoom02/c03_OldHouse1FRoom02_sm"
    },
    {
        "name":"In the Hallway, under the furniture",
        "original_item": "Burner Fuel",
        "region": "Guest Room - Old House",
        "condition": {},
        "item_object": "InteractDetailSearch",
        "parent_object": "_wp1001_GasCan_Get",
        "folder_path": "Chapter/Chapter3/ItemSet_c03/OldHouse/Normal/Item"
    },
    {
        "name":"Outside, in the trash on the right",
        "original_item": "Chem Fluid",
        "region": "Gallery - Old House",
        "condition": {},
        "item_object": "InteractDetailSearch",
        "parent_object": "sm2036_ChemicalS01A_Get",
        "folder_path": "Chapter/Chapter3/c03_OldHouse/c03_OldHouseOutside/c03_OldHouseOutside/c03_OldHouseOutside_sm"
    },
    {
        "name":"Outside, in the cardboard box",
        "original_item": "Chem Fluid",
        "region": "Gallery - Old House",
        "condition": {},
        "item_object": "InteractDetailSearch",
        "parent_object": "_sm2036_ChemicalS01A_Get",
        "folder_path": "Chapter/Chapter3/ItemSet_c03/OldHouse/Normal/Item/Chemical"
    },
    {
        "name":"Outside, in the trash on the left",
        "original_item": "Burner Grip",
        "region": "Gallery - Old House",
        "condition": {},
        "item_object": "InteractDetailSearch",
        "parent_object": "sm1690_GasBurnerPartsA_Gimmick",
        "folder_path": "Chapter/Chapter3/ItemSet_c03/OldHouse/Common/KeyItem"
    },
    {
        "name":"on the corner of the shelve (in the stairs behind the chimney)",
        "original_item": "Antique Coin",
        "region": "Living Room - Old House",
        "condition": {},
        "item_object": "sm2164_Coin01A_InteractDetailSearch",
        "parent_object": "_sm2164_Coin01A_DetailSearchItem",
        "folder_path": "Chapter/Chapter3/ItemSet_c03/OldHouse/Normal/Coins"
    },
    {
        "name":"Behind the chimney, on the table",
        "original_item": "Stone Statuette",
        "region": "Living Room - Old House",
        "condition": {},
        "item_object": "InteractDetailSearch",
        "parent_object": "sm9069_ShadowPiece01_Get",
        "folder_path": "Chapter/Chapter3/ItemSet_c03/OldHouse/Common/KeyItem"
    },
    {
        "name":"Past the big hole, in the trash",
        "original_item": "Herb",
        "region": "Entrance - Old House",
        "condition": {},
        "item_object": "InteractDetailSearch",
        "parent_object": "_sm1800_Herb00A_Get",
        "folder_path": "Chapter/Chapter3/ItemSet_c03/OldHouse/Normal/Item"
    },
    {
        "name":"Past the big hole, in the tire",
        "original_item": "Solid Fuel",
        "region": "Entrance - Old House",
        "condition": {},
        "item_object": "InteractDetailSearch",
        "parent_object": "_sm2026_Alcohol01A_Get",
        "folder_path": "Chapter/Chapter3/ItemSet_c03/OldHouse/Normal/Item"
    },
    {
        "name":"Next to the Crow Door, in the drawer",
        "original_item": "Chem Fluid",
        "region": "Entrance - Old House",
        "condition": {},
        "item_object": "InteractDetailSearch",
        "parent_object": "sm2036_ChemicalS01A_Get",
        "folder_path": "Chapter/Chapter3/c03_OldHouse/c03_OldHouse1F/c03_OldHouse1FHole01/c03_OldHouse1FHole01_sm"
    },
    {
        "name":"In the mini-hole, in the box",
        "original_item": "Psychostimulants",
        "region": "Entrance - Old House",
        "condition": {},
        "item_object": "sm2179_Psychostimulant01A_InteractDetailSearch",
        "parent_object": "sm2179_Psychostimulant01A_Get",
        "folder_path": "Chapter/Chapter3/ItemSet_c03/OldHouse/Normal/Box"
    },
    {
        "name":"In the mini-hole, at the end of the hallway",
        "original_item": "Crank",
        "region": "Entrance - Old House",
        "condition": {},
        "item_object": "sm2058_Crank01A_InteractDetailSearch",
        "parent_object": "sm2058_Crank01A_Get",
        "folder_path": "Chapter/Chapter3/c03_OldHouse/c03_OldHouse1F/c03_OldHouse1FUnderFloor01/c03_OldHouse1FUnder"
    },
    {
        "name":"In the mini-hole, Behind a palett",
        "original_item": "Chem Fluid",
        "region": "Entrance - Old House",
        "condition": {},
        "item_object": "InteractDetailSearch",
        "parent_object": "_sm2036_ChemicalS01A_Get",
        "folder_path": "Chapter/Chapter3/ItemSet_c03/OldHouse/Normal/Item/Chemical"
    },
    {
        "name":"Outside, in front of the cabanon, in the faucet",
        "original_item": "First Aid Med",
        "region": "Dining Room - Old House",
        "condition": {},
        "item_object": "InteractDetailSearch",
        "parent_object": "_sm1852_AntisepticSolutionMedium_Get",
        "folder_path": "Chapter/Chapter3/ItemSet_c03/OldHouse/Normal/Item"
    },
    {
        "name":"Outside, in the cabanon",
        "original_item": "Crow Key",
        "region": "Dining Room - Old House",
        "condition": {},
        "item_object": "InteractDetailSearch",
        "parent_object": "sm0389_TalismanDoorKey01A_KeyGet",
        "folder_path": "Chapter/Chapter3/ItemSet_c03/OldHouse/Common/KeyItem"
    },
    {
        "name":"Outside, in the cabanon, on the toilet",
        "original_item": "Antique Coin",
        "region": "Dining Room - Old House",
        "condition": {},
        "item_object": "sm2164_Coin01A_InteractDetailSearch",
        "parent_object": "_sm2164_Coin01A_DetailSearchItem",
        "folder_path": "Chapter/Chapter3/ItemSet_c03/OldHouse/Normal/Coins"
    },
    {
        "name":"Outside, in the cabanon, in the toilet",
        "original_item": "Burner Fuel",
        "region": "Dining Room - Old House",
        "condition": {},
        "item_object": "InteractDetailSearch",
        "parent_object": "wp1001_GasCan_Get",
        "folder_path": "Chapter/Chapter3/ItemSet_c03/OldHouse/Normal/Item"
    },
    {
        "name":"In the piano room, in the shelf on the right",
        "original_item": "Burner Fuel",
        "region": "Altar",
        "condition": {},
        "item_object": "InteractDetailSearch",
        "parent_object": "wp1001_GasCan_Get",
        "folder_path": "Chapter/Chapter3/c03_OldHouse/c03_OldHouse2F/c03_OldHouse2FHallway02/c03_OldHouse2FHallway02_sm"
    },
    {
        "name":"In the shelf in the corner, near the lantern door",
        "original_item": "Antique Coin",
        "region": "Altar",
        "condition": {},
        "item_object": "sm2164_Coin01A_InteractDetailSearch",
        "parent_object": "sm2164_Coin01A_DetailSearchItem",
        "folder_path": "Chapter/Chapter3/c03_OldHouse/c03_OldHouse2F/c03_OldHouse2FHallway03/c03_OldHouse2FHallway03_sm"
    },
    {
        "name":"In the Big Bowl on the right of the caravan",
        "original_item": "Gun Powder",
        "region": "Yard",
        "condition": {},
        "item_object": "GameObject",
        "parent_object": "Gunpowder",
        "folder_path": "Chapter/Chapter3/ItemSet_c03/GardenArea/Normal/Item"
    },
    {
        "name":"Entrance of the GreenHouse, on the pole",
        "original_item": "Strong Chem Fluid",
        "region": "Greenhouse",
        "condition": {},
        "item_object": "InteractDetailSearch",
        "parent_object": "sm2037_ChemicalM01A_Get",
        "folder_path": "Chapter/Chapter3/ItemSet_c03/GardenArea/Normal/Item"
    },
    {
        "name":"In front of the Door",
        "original_item": "Grenade Launcher",
        "region": "Supplies",
        "condition": {},
        "item_object": "InteractWeapon",
        "parent_object": "wp1110_PortableCannon_Get",
        "folder_path": "Chapter/Chapter3/ItemSet_c03/MainHouse_East/Normal/KeyItem"
    },
    {
        "name":"In the shelf on the left",
        "original_item": "Flame Rounds",
        "region": "Supplies",
        "condition": {},
        "item_object": "InteractDetailSearch",
        "parent_object": "wp1111_FlameBullet_Get",
        "folder_path": "Chapter/Chapter3/ItemSet_c03/MainHouse_East/Normal/Item/EAST_1F/3-4"
    },
    {
        "name":"Behind the wooden box",
        "original_item": "Strong Chem Fluid",
        "region": "Supplies",
        "condition": {},
        "item_object": "InteractDetailSearch",
        "parent_object": "sm2037_ChemicalM01A_Get",
        "folder_path": "Chapter/Chapter3/ItemSet_c03/MainHouse_East/Normal/Item/EAST_1F/3-4"
    },
    {
        "name":"Next to the Shelf on the right of the door",
        "original_item": "Solid Fuel",
        "region": "Supplies",
        "condition": {},
        "item_object": "InteractDetailSearch",
        "parent_object": "sm2026_Alcohol01A_Get",
        "folder_path": "Chapter/Chapter3/ItemSet_c03/MainHouse_East/Normal/Item/EAST_1F/3-4"
    },
    {
        "name":"In the shelf on the left of the door",
        "original_item": "Gun Powder",
        "region": "Supplies",
        "condition": {},
        "item_object": "GameObject",
        "parent_object": "Gunpowder",
        "folder_path": "Chapter/Chapter3/ItemSet_c03/MainHouse_East/Normal/Item/EAST_1F/3-4"
    },
    {
        "name":"In the Caravane, in the Cage with 9 Coins Necessary",
        "original_item": "44 MAG",
        "region": "Yard",
        "condition": {
            "items": ["Antique Coin","Antique Coin","Antique Coin","Antique Coin","Antique Coin","Antique Coin","Antique Coin","Antique Coin","Antique Coin"]
        },
        "item_object": "InteractWeapon",
        "parent_object": "wp1140_Magnum_Get",
        "folder_path": "Chapter/Chapter3/c03_Garden/c03_TrailerHouse/c03_TrailerHouse_sm"
    },
    {
        "name":"On the wall of the stairs",
        "original_item": "Treasure Photo - Green House",
        "region": "Greenhouse",
        "condition": {},
        "item_object": "sm2154_TreasureMap01B_InteractDetailSearch",
        "parent_object": "sm2154_TreasureMap01B_DetailSearchItem",
        "folder_path": "Chapter/Chapter3/ItemSet_c03/GardenArea/Common/KeyItem"
    },
    {
        "name":"In the Caravane, in the toilet",
        "original_item": "44 Mag Ammo",
        "region": "Yard",
        "condition": {
            "items": ["Treasure Photo - Green House"]
        },
        "item_object": "InteractDetailSearch",
        "parent_object": "wp1141_MagnumBullet_Get",
        "folder_path": "Chapter/Chapter3/ItemSet_c03/GardenArea/Common/Item"
    },
    {
        "name":"On the Right in the entrance",
        "original_item": "Herb",
        "region": "Greenhouse",
        "condition": {},
        "item_object": "InteractDetailSearch",
        "parent_object": "_sm1800_Herb00A_Get",
        "folder_path": "Chapter/Chapter3/ItemSet_c03/GreenHouse/Normal/Item/2FRoom"
    },
    {
        "name":"On the Right in the entrance (2)",
        "original_item": "Herb",
        "region": "Greenhouse",
        "condition": {},
        "item_object": "InteractDetailSearch",
        "parent_object": "_sm1800_Herb00A_Get",
        "folder_path": "Chapter/Chapter3/ItemSet_c03/GreenHouse/Normal/Item/2FRoom"
    },
    {
        "name":"In the shelf on the right in the entrance",
        "original_item": "Solid Fuel",
        "region": "Greenhouse",
        "condition": {},
        "item_object": "InteractDetailSearch",
        "parent_object": "sm2026_Alcohol01A_Get",
        "folder_path": "Chapter/Chapter3/ItemSet_c03/GreenHouse/Normal/Item/2FRoom"
    },
    {
        "name":"On the table in the entrance",
        "original_item": "Separating Agent",
        "region": "Greenhouse",
        "condition": {},
        "item_object": "sm2038_ChemicalL01A_InteractDetailSearch",
        "parent_object": "_sm2038_ChemicalL01A_Get",
        "folder_path": "Chapter/Chapter3/ItemSet_c03/GreenHouse/Normal/Item/2FRoom"
    },
    {
        "name":"On Marguerite Dead Body",
        "original_item": "Lantern",
        "region": "Greenhouse",
        "condition": {},
        "item_object": "wp2080_Lantern_InteractDetailSearch",
        "parent_object": "wp2080_Lantern_Get",
        "folder_path": "Chapter/Chapter3/Enemy_c03/Enemy_c03_3/Lantern"
    },
    {
        "name":"In the green drawer, in front of the normal entrance",
        "original_item": "Handgun Ammo",
        "region": "Greenhouse",
        "condition": {},
        "item_object": "InteractDetailSearch",
        "parent_object": "wp1011_HandgunBullet_Get",
        "folder_path": "Chapter/Chapter3/c03_GH/c03_GH1F/c03_GH1FEntrance01/c03_GH1FEntrance01_sm"
    },
    {
        "name":"In the box in the corner (1F)",
        "original_item": "Handgun Ammo",
        "region": "Greenhouse",
        "condition": {},
        "item_object": "InteractDetailSearch",
        "parent_object": "wp1011_HandgunBullet_Get",
        "folder_path": "Chapter/Chapter3/ItemSet_c03/GreenHouse/Normal/Item/Boss/Box"
    },
    {
        "name":"In an iron shelf (1F)",
        "original_item": "Shotgun Ammo",
        "region": "Greenhouse",
        "condition": {},
        "item_object": "InteractDetailSearch",
        "parent_object": "wp1031_ShotgunBullet_Get",
        "folder_path": "Chapter/Chapter3/c03_GH/c03_GH1F/c03_GH1FRoom02/c03_GH1FRoom02_sm"
    },
    {
        "name":"In an iron shelf (1F) (2)",
        "original_item": "Strong Chem Fluid",
        "region": "Greenhouse",
        "condition": {},
        "item_object": "InteractDetailSearch",
        "parent_object": "sm2037_ChemicalM01A_Get",
        "folder_path": "Chapter/Chapter3/c03_GH/c03_GH1F/c03_GH1FRoom02/c03_GH1FRoom02_sm"
    },
    {
        "name":"In a Green drawer",
        "original_item": "First Aid Med",
        "region": "Greenhouse",
        "condition": {},
        "item_object": "InteractDetailSearch",
        "parent_object": "sm1852_AntisepticSolutionMedium_Get",
        "folder_path": "Chapter/Chapter3/c03_GH/c03_GH1F/c03_GH1FRoom03/c03_GH1FRoom03_sm"
    },
    {
        "name":"In an iron shelf in the open area (1F)",
        "original_item": "Solid Fuel",
        "region": "Greenhouse",
        "condition": {},
        "item_object": "InteractDetailSearch",
        "parent_object": "sm2026_Alcohol01A_Get",
        "folder_path": "Chapter/Chapter3/c03_GH/c03_GH1F/c03_GH1FlowerRoom01/c03_GH1FlowerRoom01_sm"
    },
    {
        "name":"In an iron shelf in the open area (1F) (2)",
        "original_item": "Chem Fluid",
        "region": "Greenhouse",
        "condition": {},
        "item_object": "InteractDetailSearch",
        "parent_object": "sm2036_ChemicalS01A_Get",
        "folder_path": "Chapter/Chapter3/c03_GH/c03_GH1F/c03_GH1FlowerRoom01/c03_GH1FlowerRoom01_sm"
    },
    {
        "name":"In the box, in the open area",
        "original_item": "Burner Fuel",
        "region": "Greenhouse",
        "condition": {},
        "item_object": "InteractDetailSearch",
        "parent_object": "wp1001_GasCan_Get",
        "folder_path": "Chapter/Chapter3/ItemSet_c03/GreenHouse/Normal/Item/Boss/Box"
    },
    {
        "name":"Next to the plant in the open area (2F)",
        "original_item": "Burner Fuel",
        "region": "Greenhouse",
        "condition": {},
        "item_object": "InteractDetailSearch",
        "parent_object": "_wp1001_GasCan_Get",
        "folder_path": "Chapter/Chapter3/ItemSet_c03/GreenHouse/Normal/Item/Boss"
    },
    {
        "name":"On the table with the plant in the open area (2F)",
        "original_item": "Handgun Ammo",
        "region": "Greenhouse",
        "condition": {},
        "item_object": "InteractDetailSearch",
        "parent_object": "_wp1011_HandgunBullet_Get",
        "folder_path": "Chapter/Chapter3/ItemSet_c03/GreenHouse/Normal/Item/Boss"
    },
    {
        "name":"In the shelf next to the stairs (2F)",
        "original_item": "Herb",
        "region": "Greenhouse",
        "condition": {},
        "item_object": "InteractDetailSearch",
        "parent_object": "sm1800_Herb00A_Get",
        "folder_path": "Chapter/Chapter3/c03_GH/c03_GH2F/c03_GH2FHallway01/c03_GH2FHallway01_sm"
    },
    {
        "name":"In the shelf next to the stairs (2F) (2)",
        "original_item": "Solid Fuel",
        "region": "Greenhouse",
        "condition": {},
        "item_object": "InteractDetailSearch",
        "parent_object": "sm2026_Alcohol01A_Get",
        "folder_path": "Chapter/Chapter3/c03_GH/c03_GH2F/c03_GH2FHallway01/c03_GH2FHallway01_sm"
    },
    {
        "name":"In the box (2F)",
        "original_item": "Shotgun Ammo",
        "region": "Greenhouse",
        "condition": {},
        "item_object": "InteractDetailSearch",
        "parent_object": "wp1031_ShotgunBullet_Get",
        "folder_path": "Chapter/Chapter3/ItemSet_c03/GreenHouse/Normal/Item/Boss/Box"
    },
    {
        "name":"In the drawer next to the bath",
        "original_item": "Burner Fuel",
        "region": "Greenhouse",
        "condition": {},
        "item_object": "InteractDetailSearch",
        "parent_object": "wp1001_GasCan_Get",
        "folder_path": "Chapter/Chapter3/c03_GH/c03_GH2F/c03_GH2FRoom01/c03_GH2FRoom01_sm"
    },
    {
        "name":"On the dead corps",
        "original_item": "D-Series Arm",
        "region": "Detention Room",
        "condition": {},
        "item_object": "InteractDetailSearch",
        "parent_object": "sm0379_MedicineMaterialA_DetailSearch",
        "folder_path": "Chapter/Chapter3/c03_OldHouse/c03_OldHouse1F/c03_OldHouse1FStairs01/c03_OldHouse1FStairs01_"
    },
    {
        "name":"In the body of the cops",
        "original_item": "Snake Key",
        "region": "Dissection Room",
        "condition": {},
        "item_object": "sm1787_DiamondDoorKey01A_InteractDetailSearch",
        "parent_object": "sm1787_DiamondDoorKey01A_DetailSearchItem",
        "folder_path": "Chapter/Chapter3/c03_TaxidermyRoom/c03_TaxidermyRoomB1F/c03_RightAreaB1FStoreroom/c03_RightAreaB1FStoreroom_sm"
    },
    {
        "name":"In the Armoir on the left",
        "original_item": "First Aid Med",
        "region": "Master Bedroom",
        "condition": {
            "items":["Snake Key"]
        },
        "item_object": "InteractDetailSearch",
        "parent_object": "sm1852_AntisepticSolutionMedium_Get",
        "folder_path": "Chapter/Chapter3/c03_MainHouse/c03_MainHouse2F/c03_MainHouse2FBedRoom/c03_MainHouse2FBedRoom_sm"
    },
    {
        "name":"In the orange box, next to the mirror",
        "original_item": "Lockpick",
        "region": "Master Bedroom",
        "condition": {
            "items":["Snake Key"]
        },
        "item_object": "InteractDetailSearch",
        "parent_object": "sm1796_KeyPick01A_DetailSearchItem",
        "folder_path": "Chapter/Chapter3/ItemSet_c03/MainHouse_East/Normal/Item/EAST_2F_3-4"
    },
    {
        "name":"In the drawer, under the photo",
        "original_item": "Herb",
        "region": "Master Bedroom",
        "condition": {
            "items":["Snake Key"]
        },
        "item_object": "InteractDetailSearch",
        "parent_object": "sm1800_Herb00A_Get",
        "folder_path": "Chapter/Chapter3/c03_MainHouse/c03_MainHouse2F/c03_MainHouse2FBedRoom/c03_MainHouse2FBedRoom_sm"
    },
    {
        "name":"On the Shelf on the right of the door",
        "original_item": "Herb",
        "region": "Storage",
        "condition": {
            "items":["Snake Key"]
        },
        "item_object": "InteractDetailSearch",
        "parent_object": "_sm1800_Herb00A_Get",
        "folder_path": "Chapter/Chapter3/ItemSet_c03/MainHouse_East/Normal/Item/EAST_2F_3-4"
    },
    {
        "name":"Under the pouch",
        "original_item": "Shotgun Ammo",
        "region": "Master Bedroom",
        "condition": {
            "items":["Snake Key"]
        },
        "item_object": "InteractDetailSearch",
        "parent_object": "wp1031_ShotgunBullet_Get",
        "folder_path": "Chapter/Chapter3/ItemSet_c03/MainHouse_East/Normal/Item/EAST_2F_3-4"
    },
    {
        "name":"On the red seat on the left",
        "original_item": "Treasure Photo - Master Bedroom",
        "region": "Storage",
        "condition": {
            "items":["Snake Key"]
        },
        "item_object": "sm2155_TreasureMap01C_InteractDetailSearch",
        "parent_object": "sm2155_TreasureMap01C_DetailSearchItem",
        "folder_path": "Chapter/Chapter3/ItemSet_c03/MainHouse_East/Common/KeyItem"
    },
    {
        "name":"On the Table (2)",
        "original_item": "Keycard (Red)",
        "region": "Workshop",
        "condition": {
            "items":["Snake Key"]
        },
        "item_object": "sm2080_CardKey01A_InteractDetailSearch",
        "parent_object": "sm2439_CardKey01B_DetailSearchItem",
        "folder_path": "Chapter/Chapter3/ItemSet_c03/MainHouse_East/Common/KeyItem"
    },
    {
        "name":"In the green storage",
        "original_item": "Enhanced Handgun Ammo",
        "region": "Workshop",
        "condition": {
            "items":["Snake Key"]
        },
        "item_object": "InteractDetailSearch",
        "parent_object": "wp1013_HandgunBulletStrong_Get",
        "folder_path": "Chapter/Chapter3/c03_TaxidermyRoom/c03_TaxidermyRoomB1F/c03_RightAreaB1FPowerroom/c03_RightAreaB1FPowerroom_sm"
    },
    {
        "name":"Under the wardrobe",
        "original_item": "Shotgun Ammo",
        "region": "Kid's Room",
        "condition": {
            "items":["Snake Key"]
        },
        "item_object": "InteractDetailSearch",
        "parent_object": "wp1031_ShotgunBullet_Get",
        "folder_path": "Chapter/Chapter3/ItemSet_c03/MainHouse_West/Normal/Item/WEST_2F/Kidsroom"
    },
    {
        "name":"In the little wardrobe next to the bed",
        "original_item": "Handgun Ammo",
        "region": "Kid's Room",
        "condition": {
            "items":["Snake Key"]
        },
        "item_object": "InteractDetailSearch",
        "parent_object": "wp1011_HandgunBullet_Get",
        "folder_path": "Chapter/Chapter3/c03_MainHouse/c03_MainHouse2F/c03_MainHouse2FKids/c03_MainHouse2FKids_sm"
    },
    {
        "name":"On the A/C",
        "original_item": "Supplement",
        "region": "Kid's Room",
        "condition": {
            "items":["Snake Key"]
        },
        "item_object": "sm2025_Flower01A_InteractDetailSearch",
        "parent_object": "sm2025_Flower01A_Get",
        "folder_path": "Chapter/Chapter3/ItemSet_c03/MainHouse_West/Normal/Item/WEST_2F/Kidsroom"
    },
    {
        "name":"In the flowerpot next to the windows",
        "original_item": "Lockpick",
        "region": "Kid's Room",
        "condition": {
            "items":["Snake Key"]
        },
        "item_object": "InteractDetailSearch",
        "parent_object": "sm1796_KeyPick01A_DetailSearchItem",
        "folder_path": "Chapter/Chapter3/ItemSet_c03/MainHouse_West/Normal/KeyPick"
    },
    {
        "name":"In the flowerpot, on the wardrobe",
        "original_item": "Herb",
        "region": "Kid's Room",
        "condition": {
            "items":["Snake Key"]
        },
        "item_object": "InteractDetailSearch",
        "parent_object": "_sm1800_Herb00A_Get",
        "folder_path": "Chapter/Chapter3/ItemSet_c03/MainHouse_West/Normal/Item/WEST_2F/Kidsroom"
    },
    {
        "name":"In the wardrobe in front of the stairs",
        "original_item": "Happy Birthday",
        "region": "Attic",
        "condition": {
            "items":["Snake Key"]
        },
        "item_object": "sm1785_Videotape01F_InteractDetailSearch",
        "parent_object": "sm1785_Videotape01F_DetailSearchItem",
        "folder_path": "Chapter/Chapter3/c03_MainHouse/c03_MainHouse2F/c03_MainHouse2FKids02/c03_MainHouse2FKids02_sm"
    },
    {
        "name":"In the shelf next to the stairs",
        "original_item": "Model Shotgun",
        "region": "Attic",
        "condition": {
            "items":["Snake Key"]
        },
        "item_object": "InteractDetailSearch",
        "parent_object": "sm1695_DummyShotgun_Get",
        "folder_path": "Chapter/Chapter3/ItemSet_c03/MainHouse_West/Normal/KeyItem"
    },
    {
        "name":"In the shelf next to the stairs (2)",
        "original_item": "Toy Axe",
        "region": "Attic",
        "condition": {
            "items":["Snake Key"]
        },
        "item_object": "InteractDetailSearch",
        "parent_object": "sm2487_DummyAxe01A_Get",
        "folder_path": "Chapter/Chapter3/ItemSet_c03/MainHouse_West/Common/KeyItem"
    },
    {
        "name":"on the Shelf behind the wardrobe",
        "original_item": "Strong Chem Fluid",
        "region": "Attic",
        "condition": {
            "items":["Snake Key"]
        },
        "item_object": "InteractDetailSearch",
        "parent_object": "_sm2037_ChemicalM01A_Get",
        "folder_path": "Chapter/Chapter3/ItemSet_c03/MainHouse_West/Normal/Item/WEST_2F/Kidsroom"
    },
    {
        "name":"After the Shadow puzzle",
        "original_item": "Keycard (Blue)",
        "region": "Attic",
        "condition": {
            "items":["Snake Key"]
        },
        "item_object": "sm2080_CardKey01A_InteractDetailSearch",
        "parent_object": "sm2080_CardKey01A_DetailSearchItem",
        "folder_path": "Chapter/Chapter3/ItemSet_c03/MainHouse_West/Common/KeyItem"
    },
    {
        "name":"In the chest after the shadow puzzle",
        "original_item": "Stabilizer",
        "region": "Yard",
        "condition": {
            "items":["Toy Axe"]
        },
        "item_object": "sm1928_Depressant_InteractDetailSearch",
        "parent_object": "sm1928_Depressant_Get",
        "folder_path": "Chapter/Chapter3/c03_Garden/c03_GardenArea1/c03_GardenArea1_sm"
    },
    {
        "name":"Next to Lucas Door",
        "original_item": "Supplement",
        "region": "Yard",
        "condition": {},
        "item_object": "sm2025_Flower01A_InteractDetailSearch",
        "parent_object": "sm2025_Flower01A_Get",
        "folder_path": "Chapter/Chapter3/ItemSet_c03/GardenArea/Normal/Item"
    },
    {
        "name": "Victory",
        "region": "Yard",
        "condition": {
            "items": [
                "Snake Key", "Hatch Key", "Crow Key", "Blue Dogs Head", "White Dogs Head","Red Dogs Head"
                    ]
        },
        "item_object": "sm1754_InteractSendFsm",
        "parent_object": "",
        "folder_path": "Chapter/Chapter3/c03_Lucasarea/c03_LeftArea2F/c03_LeftArea2FTvRoom/c03_LeftArea2FTvRoom_sm",
        "id": null,
        "victory": true
    }
]
