[
    {
        "name": "Red Bench by Stairs",
        "region": "Main Hall",
        "original_item": "Ink Ribbon",
        "condition": {},
        "item_object": "sm70_201",
        "parent_object": "InkRibbon_Garden_2nd",
        "folder_path": "RopewayContents/World/Location_RPD/LocationLevel_RPD/Item/common/InkRibbon"
    },
	{
        "name": "Main Desk",
        "region": "Main Hall",
        "original_item": "Ink Ribbon",
        "condition": {},
        "item_object": "sm70_201",
        "parent_object": "InkRibbon_Hall",
        "folder_path": "RopewayContents/World/Location_RPD/LocationLevel_RPD/Item/common/InkRibbon"
    },
    {
        "name": "Right Locker",
        "region": "Main Hall",
        "original_item": "Ink Ribbon",
        "condition": {},    
        "item_object": "sm70_201",
        "parent_object": "ItemPositions_OldLocker_1FW3",
        "folder_path": "RopewayContents/World/Location_RPD/LocationLevel_RPD/Item/common/1F/1FW/DarkRoom/Locker_sm70_100_HandgunB_HardInkribbon"
    },
    {
        "name": "Table by Door",
        "region": "Main Hall",
        "original_item": "Ink Ribbon",
        "condition": {},    
        "item_object": "sm70_201",
        "parent_object": "sm70_201_InkRibbon_EastOffice",
        "folder_path": "RopewayContents/World/Location_RPD/LocationLevel_RPD/Item/common/InkRibbon"
    },
    {
        "name": "Desk",
        "region": "Main Hall",
        "original_item": "Ink Ribbon",
        "condition": {},    
        "item_object": "sm70_201",
        "parent_object": "InkRibbon_UnderGoddes",
        "folder_path": "RopewayContents/World/Location_RPD/LocationLevel_RPD/Item/common/InkRibbon"
    },
    {
        "name": "Locker",
        "region": "Main Hall",
        "original_item": "Ink Ribbon",
        "condition": {},    
        "item_object": "sm70_201",
        "parent_object": "PosOnly_ItemLocker",
        "folder_path": "RopewayContents/World/Location_RPD_B1/Environments/st4_751_0/gimmick"
    },
    {
        "name": "Desk",
        "region": "Main Hall",
        "original_item": "Ink Ribbon",
        "condition": {},    
        "item_object": "sm70_201",
        "parent_object": "InkRibbon_OutdoorNorth",
        "folder_path": "RopewayContents/World/Location_RPD/LocationLevel_RPD/Item/common/InkRibbon"
    },
    {
        "name": "Chair across Room",
        "region": "Main Hall",
        "original_item": "Ink Ribbon",
        "condition": {},    
        "item_object": "sm70_201",
        "parent_object": "InkRibbon_TorishirabeShitu",
        "folder_path": "RopewayContents/World/Location_RPD/LocationLevel_RPD/Item/common/InkRibbon"
    },
    {
        "name": "Printer",
        "region": "Main Hall",
        "original_item": "Ink Ribbon",
        "condition": {},    
        "item_object": "sm70_201",
        "parent_object": "sm70_201_InkRibbon_ReferenceRoom",
        "folder_path": "RopewayContents/World/Location_RPD/LocationLevel_RPD/Item/common/InkRibbon"
    },
    {
        "name": "Barrels before Alligator Cutscene",
        "region": "Main Hall",
        "original_item": "Ink Ribbon",
        "condition": {},    
        "item_object": "sm70_201",
        "parent_object": "InkRibbon_02",
        "folder_path": "RopewayContents/World/Location_CrocodiliaArea/LocationLevel_CrocodiliaArea/Item/common/Leon_common"
    },
    {
        "name": "Table with Raccoon Milk",
        "region": "Main Hall",
        "original_item": "Ink Ribbon",
        "condition": {},    
        "item_object": "sm70_201",
        "parent_object": "sm70_201_01_01",
        "folder_path": "RopewayContents/World/Location_WasteWater/LocationLevel_WasteWater/Item/common/Inkribbon"
    },
    {
        "name": "On Table 2",
        "region": "Main Hall",
        "original_item": "Ink Ribbon",
        "condition": {},    
        "item_object": "sm70_201",
        "parent_object": "sm70_201_01_01_01_01",
        "folder_path": "RopewayContents/World/Location_WasteWater/LocationLevel_WasteWater/Item/common/Inkribbon"
    },
    {
        "name": "Trash Can by Saving Ada",
        "region": "Main Hall",
        "original_item": "Ink Ribbon",
        "condition": {},    
        "item_object": "sm70_201",
        "parent_object": "sm70_201_G2",
        "folder_path": "RopewayContents/World/Location_WasteWater/LocationLevel_WasteWater/Item/common/G2Area"
    },
    {
        "name": "Reception Desk at Labs",
        "region": "Main Hall",
        "original_item": "Ink Ribbon",
        "condition": {},    
        "item_object": "sm70_201",
        "parent_object": "sm70_201_Inkribbon_Narea",
        "folder_path": "RopewayContents/World/Location_Laboratory/LocationLevel_Laboratory/Item/common/InkRibbon"
    },
    {
        "name": "Front Desk",
        "region": "Main Hall",
        "original_item": "Ink Ribbon",
        "condition": {},    
        "item_object": "sm70_201",
        "parent_object": "sm70_201_Inkribbon_Tarea",
        "folder_path": "RopewayContents/World/Location_Laboratory/LocationLevel_Laboratory/Item/common/InkRibbon"
    },
    {
        "name": "Beside Typewriter",
        "region": "Main Hall",
        "original_item": "Ink Ribbon",
        "condition": {},    
        "item_object": "sm70_201",
        "parent_object": "sm70_201_Inkribbon_Garea",
        "folder_path": "RopewayContents/World/Location_Laboratory/LocationLevel_Laboratory/Item/common/InkRibbon"
    },
    {
        "name": "Boxes by Typewriter",
        "region": "Main Hall",
        "original_item": "Ink Ribbon",
        "condition": {},    
        "item_object": "sm70_201",
        "parent_object": "sm70_201",
        "folder_path": "RopewayContents/World/Location_LaboratoryUndermost/LocationLevel_LaboratoryUndermost/Item/common"
    },
    {
        "name": "Next to Gunpowder",
        "region": "Main Hall",
        "original_item": "Ink Ribbon",
        "condition": {},    
        "item_object": "sm70_201",
        "parent_object": "sm70_201_G5",
        "folder_path": "RopewayContents/World/Location_LaboratoryUndermost/LocationLevel_LaboratoryUndermost/Item/common"
    }
]