[
    { 
        "from": "Menu",
        "to": "Dining Area",
        "condition": {}
    },
    { 
        "from": "Dining Area",
        "to": "Living Room",
        "condition": {}
    },
    { 
        "from": "Dining Area",
        "to": "Kitchen"
    },
    { 
        "from": "Kitchen",
        "to": "Pantry",
        "condition": {}
    },
    {
        "from": "Pantry",
        "to": "Laundry Room",
	"condition": {
            "items": ["Hatch Key"]
        }
    },
    { 
        "from": "Laundry Room",
        "to": "Garage",
        "condition": {
            "items": ["Knife"]
        }
    },
    { 
        "from": "Garage",
        "to": "Main Hall",
        "condition": {
	"items": ["Ox Statuette"]	
        }
    },
    { 
        "from": "Main Hall",
        "to": "Bathroom",
        "condition": {}

    },
    { 
        "from": "Main Hall",
        "to": "Recreation Room",
        "condition": {}
    },
    { 
        "from": "Recreation Room",
        "to": "Grandma's Room",
        "condition": {
	"items": ["Scorpion Key"]	
        }
    },
    { 
        "from": "Main Hall",
        "to": "Kid's Room",
        "condition": {
	"items": ["Snake Key"]	
        }
    },
    { 
        "from": "Main Hall",
        "to": "Master Bedroom",
        "condition": {
	"items": ["Snake Key"]	
        }
    },
    { 
        "from": "Master Bedroom",
        "to": "Workshop",
        "condition": {}
    },
    { 
        "from": "Master Bedroom",
        "to": "Storage",
        "condition": {}
    },
    { 
        "from": "Kid's Room",
        "to": "Main House Attic",
        "condition": {}
    },
    { 
        "from": "Main Hall",
        "to": "Drawing Room",
        "condition": {
	    "items": ["Wooden Statuette"]
        }
    },
    { 
        "from": "Drawing Room",
        "to": "Supplies",
        "condition": {
	    "items": ["Crow Key"]
        }
    },
    { 
        "from": "Drawing Room",
        "to": "Monitoring Room",
        "condition": {}
    },
    { 
        "from": "Monitoring Room",
        "to": "Main Hall",
        "condition": {
	        "items": ["Scorpion Key"]
	    },
        "limitation": "ONE_SIDED_DOOR"
    },
    { 
        "from": "Monitoring Room",
        "to": "Main Room",
        "condition": {
            "items": ["Scorpion Key"]
        }
    },
     { 
        "from": "Main Room",
        "to": "Incinerator Room",
        "condition": {}
    },
    { 
        "from": "Main Room",
        "to": "Bathroom - Processing Area",
        "condition": {}
    },
     { 
        "from": "Bathroom - Processing Area",
        "to": "Boiler Room",
        "condition": {}
    },
    { 
        "from": "Boiler Room",
        "to": "Morgue",
        "condition": {}
    },
    { 
        "from": "Morgue",
        "to": "Dissection Room",
        "condition": {
            "items": ["Dissection Room Key"]
        }
    },
    { 
        "from": "Morgue",
        "to": "Main Room",
        "condition": {
	     "items": ["Snake Key"]	
        },
        "limitation": "ONE_SIDED_DOOR"
    },
    { 
        "from": "Main Hall",
        "to": "Yard",
        "condition": {
            "items": ["Blue Dogs Head", "White Dogs Head", "Red Dogs Head"]
        }
    },
    { 
        "from": "Yard",
        "to": "Entrance - Old House",
        "condition": {}
    },
    { 
        "from": "Entrance - Old House",
        "to": "Living Room - Old House",
        "condition": {}
    },
    { 
        "from": "Living Room - Old House",
        "to": "Dining Room - Old House",
        "condition": {}
    },
    { 
        "from": "Dining Room - Old House",
        "to": "Guest Room - Old House",
        "condition": {}
    },
    { 
        "from": "Guest Room - Old House",
        "to": "Entrance - Old House",
        "condition": {}
    },
    { 
        "from": "Dining Room - Old House",
        "to": "Gallery - Old House",
        "condition": {}
    },
    { 
        "from": "Altar",
        "to": "Entrance - Old House",
        "condition": {
	        "items": ["Crank"]
        }
    },
    { 
        "from": "Gallery - Old House",
        "to": "Altar",
        "condition": {
	        "items": ["Stone Statuette", "Crow Key"]	
        }
    },
    { 
        "from": "Altar",
        "to": "Kid's Room - Old House",
        "condition": {
	        "items": ["Lantern"]
        }
    },
    {
        "from": "Kid's Room - Old House",
        "to": "Contaminated Room - Old House",
        "condition": {}
    },
    { 
        "from": "Contaminated Room - Old House",
        "to": "Detention Room - Old House",
        "condition": {}
    },
    { 
        "from": "Altar",
        "to": "Greenhouse"
    },
    { 
        "from": "Yard",
        "to": "Testing Area",
        "condition": {
            "items": ["Keycard - Blue","Keycard - Red"]
        }
    },
    { 
        "from": "Testing Area",
        "to": "Victory Zone",
        "condition": {}
    }
]